1,Karim Al-Dosari,0517764672,PFA4293,SUV
2,Yazeed Al-Anazi,0575918362,HNC0788,SUV
3,Khalid Al-Harbi,0511491316,PWO2326,VAN
4,Talal Al-Farhan,0538144494,LIX4373,LUXURY_SEDAN
5,Turki Al-Dosari,0524935164,HQQ3170,SEDAN
6,Mohammed Al-Juhani,0537504310,GTS3158,LUXURY_SEDAN
7,Hussein Al-Saleh,0540199530,LKE0340,LUXURY_SEDAN
8,Karim Al-Otaibi,0556529413,BZP8716,SEDAN
9,Basil Al-Shehri,0582812646,JVJ6049,SUV
10,Hassan Al-Rashidi,0505366306,FND1695,VAN
11,Ziyad Al-Shammari,0520082619,TLX8225,SUV
12,Saud Al-Qurashi,0521167342,BPK0961,LUXURY_SEDAN
13,Rakan Al-Sayari,0539693729,GBM8265,SEDAN
14,Khalid Al-Dosari,0530805169,ORU4649,LUXURY_SEDAN
15,Hassan Al-Shehri,0557872009,POH7972,VAN
16,Omar Al-Harbi,0512565178,QVB0215,SEDAN
17,Ahmed Al-Dhelaan,0586201913,EPJ2315,SUV
18,Saud Al-Anazi,0594724873,SIT8355,SEDAN
19,Faisal Al-Shammari,0562456241,YQB5788,SEDAN
20,Bandar Al-Sulami,0565465925,KYC7329,SEDAN
21,Fahad Al-Jaber,0584495003,EJT6685,SEDAN
22,Khalid Al-Harbi,0539000095,JDQ5836,SUV
23,Waleed Al-Zahrani,0535972203,WEO1124,VAN
24,Basil Al-Malki,0500859979,QXP3200,SEDAN
25,Majed Al-Otaibi,0562320109,RVG2638,VAN
26,Karim Al-Saleh,0528414078,AMN7172,LUXURY_SEDAN
27,Abdulaziz Al-Malki,0530154048,VNV8443,SEDAN
28,Tariq Al-Qurashi,0502433253,MKT3687,VAN
29,Karim Al-Qurashi,0500639436,TSC9220,SEDAN
30,Abdulaziz Al-Harbi,0592520002,WUU0101,SUV
