1,Rakan Al-Zahrani,rakan.alzahrani1@example.com,0560181590,ArarNorth
2,Noura Al-Mutairi,noura.almutairi2@example.com,0501661318,MakkahCentral
3,Abdulaziz Al-Jaber,abdulaziz.aljaber3@example.com,0591390996,RiyadhSouth
4,Hussein Al-Ghamdi,hussein.alghamdi4@example.com,0582462819,DammamCentral
5,Reem Al-Jaber,reem.aljaber5@example.com,0521993518,QassimNorth
6,Khalid Al-Fahad,khalid.alfahad6@example.com,0509378657,AbhaCenter
7,Zainab Al-Balawi,zainab.albalawi7@example.com,0554323194,MadinahCentral
8,Aisha Al-Farhan,aisha.alfarhan8@example.com,0557491186,RiyadhOlaya
9,Jawaher Al-Anazi,jawaher.alanazi9@example.com,0527601895,DammamEast
10,Mohammed Al-Otaibi,mohammed.alotaibi10@example.com,0597971147,QassimNorth
11,Shatha Al-Qahtani,shatha.alqahtani11@example.com,0504974650,MakkahAziziyah
12,Meshal Al-Shammari,meshal.alshammari12@example.com,0591703423,KhobarSouth
13,Basil Al-Zubaidi,basil.alzubaidi13@example.com,0571276842,DhahranPark
14,Yazeed Al-Kahtani,yazeed.alkahtani14@example.com,0584656321,RiyadhOlaya
15,Fahad Al-Dosari,fahad.aldosari15@example.com,0530792440,RiyadhCentral
16,Karim Al-Sulami,karim.alsulami16@example.com,0559952890,MakkahAziziyah
17,Salma Al-Kahtani,salma.alkahtani17@example.com,0586666176,RiyadhSouth
18,Omar Al-Qahtani,omar.alqahtani18@example.com,0537215901,RiyadhNorth
19,Lama Al-Zahrani,lama.alzahrani19@example.com,0581590139,KhobarSouth
20,Fahad Al-Hazmi,fahad.alhazmi20@example.com,0545957117,MakkahAziziyah
21,Fatimah Al-Juhani,fatimah.aljuhani21@example.com,0541215472,MadinahCentral
22,Ahmed Al-Mutairi,ahmed.almutairi22@example.com,0585280841,QassimNorth
23,Bushra Al-Malki,bushra.almalki23@example.com,0585253888,DammamEast
24,Haya Al-Dosari,haya.aldosari24@example.com,0593363387,KhobarNorth
25,Nada Al-Otaibi,nada.alotaibi25@example.com,0504743957,BuraydahCentral
26,Zainab Al-Tamimi,zainab.altamimi26@example.com,0555131373,DammamEast
27,Hassan Al-Juhani,hassan.aljuhani27@example.com,0599075116,BuraydahCentral
28,Ghada Al-Dhelaan,ghada.aldhelaan28@example.com,0537265167,KhobarSouth
29,Wafa Al-Qahtani,wafa.alqahtani29@example.com,0522202972,TabukNorth
30,Sumaya Al-Saleh,sumaya.alsaleh30@example.com,0575288200,BuraydahCentral
31,Nada Al-Hazmi,nada.alhazmi31@example.com,0518263304,JeddahNorth
32,Waleed Al-Qurashi,waleed.alqurashi32@example.com,0539548620,ArarNorth
33,Wafa Al-Subaie,wafa.alsubaie33@example.com,0579868282,MadinahCentral
34,Noura Al-Otaibi,noura.alotaibi34@example.com,0572902227,TabukNorth
35,Nada Al-Harbi,nada.alharbi35@example.com,0580588871,JubailIndustrial
36,Reem Al-Ghamdi,reem.alghamdi36@example.com,0533401878,RiyadhNorth
37,Jawaher Al-Farhan,jawaher.alfarhan37@example.com,0517598983,QassimNorth
38,Majed Al-Balawi,majed.albalawi38@example.com,0588783848,JubailIndustrial
39,Omar Al-Jaber,omar.aljaber39@example.com,0572616751,HailCentral
40,Ibrahim Al-Rashidi,ibrahim.alrashidi40@example.com,0513412524,JubailIndustrial
41,Bandar Al-Balawi,bandar.albalawi41@example.com,0531672326,MadinahCentral
42,Basil Al-Anazi,basil.alanazi42@example.com,0563551505,TaifHighlands
43,Adel Al-Balawi,adel.albalawi43@example.com,0506589481,RiyadhWest
44,Yasmin Al-Sayari,yasmin.alsayari44@example.com,0531144024,YanbuIndustrial
45,Bandar Al-Jaber,bandar.aljaber45@example.com,0564628897,QassimNorth
46,Rakan Al-Qahtani,rakan.alqahtani46@example.com,0540261401,BuraydahCentral
47,Sultan Al-Qahtani,sultan.alqahtani47@example.com,0593141705,TaifHighlands
48,Karim Al-Zubaidi,karim.alzubaidi48@example.com,0549208312,JeddahCorniche
49,Abdulaziz Al-Shammari,abdulaziz.alshammari49@example.com,0534483478,HailCentral
50,Yousef Al-Malki,yousef.almalki50@example.com,0550400088,JeddahNorth
51,Noura Al-Juhani,noura.aljuhani51@example.com,0537167868,DammamCentral
52,Dana Al-Mutairi,dana.almutairi52@example.com,0535326502,RiyadhNorth
53,Khalid Al-Hazmi,khalid.alhazmi53@example.com,0546201684,TabukNorth
54,Ibrahim Al-Ruwaili,ibrahim.alruwaili54@example.com,0540722470,JeddahCorniche
55,Mohammed Al-Otaibi,mohammed.alotaibi55@example.com,0585304352,RiyadhNorth
56,Saad Al-Shehri,saad.alshehri56@example.com,0517483380,RiyadhEast
57,Sultan Al-Jaber,sultan.aljaber57@example.com,0512690604,DammamCentral
58,Haya Al-Dosari,haya.aldosari58@example.com,0519829657,RiyadhCentral
59,Waleed Al-Tamimi,waleed.altamimi59@example.com,0592086828,YanbuIndustrial
60,Noura Al-Fahad,noura.alfahad60@example.com,0509310025,RiyadhWest
61,Ziyad Al-Jaber,ziyad.aljaber61@example.com,0578008374,RiyadhNorth
62,Adel Al-Sayari,adel.alsayari62@example.com,0518818174,BuraydahCentral
63,Khalid Al-Kahtani,khalid.alkahtani63@example.com,0543337761,MadinahEast
64,Yasmin Al-Yami,yasmin.alyami64@example.com,0540931925,JeddahCorniche
65,Munira Al-Tamimi,munira.altamimi65@example.com,0549920707,JeddahCorniche
66,Rawan Al-Harbi,rawan.alharbi66@example.com,0537484777,YanbuIndustrial
67,Turki Al-Farhan,turki.alfarhan67@example.com,0583417047,RiyadhEast
68,Sumaya Al-Qurashi,sumaya.alqurashi68@example.com,0574633191,RiyadhCentral
69,Wafa Al-Qurashi,wafa.alqurashi69@example.com,0545298415,JeddahSouth
70,Aisha Al-Farhan,aisha.alfarhan70@example.com,0576020776,DammamCentral
71,Nada Al-Zahrani,nada.alzahrani71@example.com,0565651505,YanbuIndustrial
72,Saad Al-Jaber,saad.aljaber72@example.com,0561304451,KhobarSouth
73,Ziyad Al-Kahtani,ziyad.alkahtani73@example.com,0591564041,RiyadhSouth
74,Areej Al-Yami,areej.alyami74@example.com,0542346853,YanbuIndustrial
75,Anas Al-Sayari,anas.alsayari75@example.com,0560688310,ArarNorth
76,Nada Al-Rashidi,nada.alrashidi76@example.com,0579247082,RiyadhOlaya
77,Fatimah Al-Rashidi,fatimah.alrashidi77@example.com,0554444634,MadinahEast
78,Reem Al-Yami,reem.alyami78@example.com,0561221387,TaifHighlands
79,Hussein Al-Balawi,hussein.albalawi79@example.com,0557628331,RiyadhOlaya
80,Saad Al-Sulami,saad.alsulami80@example.com,0515354930,NajranEast
81,Manal Al-Rashidi,manal.alrashidi81@example.com,0566836450,MadinahEast
82,Majed Al-Fahad,majed.alfahad82@example.com,0552883143,KhobarSouth
83,Basil Al-Hazmi,basil.alhazmi83@example.com,0576402067,AbhaCenter
84,Aisha Al-Otaibi,aisha.alotaibi84@example.com,0516877313,RiyadhCentral
85,Fahad Al-Qurashi,fahad.alqurashi85@example.com,0517180023,AbhaCenter
86,Yasmin Al-Ghamdi,yasmin.alghamdi86@example.com,0542486111,DammamCentral
87,Sara Al-Fahad,sara.alfahad87@example.com,0536439008,DammamCentral
88,Adel Al-Malki,adel.almalki88@example.com,0553783830,MakkahCentral
89,Ghada Al-Hazmi,ghada.alhazmi89@example.com,0540037614,JeddahSouth
90,Shatha Al-Rashidi,shatha.alrashidi90@example.com,0553705656,JeddahNorth
91,Mohammed Al-Sayari,mohammed.alsayari91@example.com,0548137343,JeddahSouth
92,Adel Al-Dosari,adel.aldosari92@example.com,0544197923,MadinahEast
93,Karim Al-Zubaidi,karim.alzubaidi93@example.com,0509260309,RiyadhCentral
94,Karim Al-Ghamdi,karim.alghamdi94@example.com,0502675112,DammamEast
95,Omar Al-Shammari,omar.alshammari95@example.com,0587046557,RiyadhOlaya
96,Faisal Al-Otaibi,faisal.alotaibi96@example.com,0514156183,KhobarSouth
97,Meshal Al-Dhelaan,meshal.aldhelaan97@example.com,0546107358,ArarNorth
98,Tariq Al-Mutairi,tariq.almutairi98@example.com,0555706360,KhobarSouth
99,Abdullah Al-Balawi,abdullah.albalawi99@example.com,0510431955,JeddahCorniche
100,Saad Al-Saleh,saad.alsaleh100@example.com,0504544091,RiyadhNorth
