SHARED,RiyadhSouth,10/28/2026 08:45,10/28/2026 10:15,RiyadhEast,4,27;15
PRIVATE,RiyadhWest,10/23/2026 15:45,10/23/2026 16:15,DhahranPark,4,17
PRIVATE,RiyadhNorth,09/19/2026 16:30,09/19/2026 17:15,KhobarSouth,14,34
SHARED,NajranEast,09/04/2026 17:30,09/04/2026 18:30,RiyadhNorth,25,65;61;37;80
PRIVATE,RiyadhSouth,09/28/2026 09:30,09/28/2026 10:00,AbhaCenter,16,91
PRIVATE,MadinahCentral,10/07/2026 15:15,10/07/2026 15:45,JeddahNorth,14,1
SHARED,AbhaCenter,09/01/2026 17:45,09/01/2026 18:15,KhobarNorth,4,89;24;64
PRIVATE,QassimNorth,09/17/2026 11:30,09/17/2026 13:00,JeddahSouth,27,28
PRIVATE,TaifHighlands,10/11/2026 08:45,10/11/2026 09:15,DhahranPark,26,90
SHARED,JubailIndustrial,09/23/2026 09:45,09/23/2026 10:45,JazanCoast,30,96;12;55
SHARED,JeddahSouth,09/20/2026 14:45,09/20/2026 15:30,MadinahEast,29,65;22;49;81
SHARED,HailCentral,10/19/2026 07:30,10/19/2026 09:00,TaifHighlands,19,67;20;58
PRIVATE,RiyadhCentral,09/30/2026 20:30,09/30/2026 21:15,KhobarNorth,19,30
PRIVATE,QassimNorth,10/03/2026 12:30,10/03/2026 13:15,KhamisMushait,10,97
PRIVATE,TabukNorth,10/17/2026 10:15,10/17/2026 11:00,MadinahCentral,24,42
SHARED,RiyadhWest,09/21/2026 12:30,09/21/2026 13:15,JeddahSouth,24,22;85
SHARED,ArarNorth,10/21/2026 15:30,10/21/2026 16:15,RiyadhWest,14,26;14;82
SHARED,JazanCoast,09/30/2026 07:00,09/30/2026 08:15,DammamCentral,13,89;29;65
PRIVATE,ArarNorth,09/17/2026 18:00,09/17/2026 18:45,KhamisMushait,24,32
PRIVATE,JazanCoast,10/08/2026 19:15,10/08/2026 20:45,ArarNorth,22,93
PRIVATE,MakkahAziziyah,10/25/2026 13:15,10/25/2026 14:45,MakkahCentral,21,16
SHARED,JeddahCorniche,10/28/2026 19:15,10/28/2026 19:45,JubailIndustrial,26,92;81;21
PRIVATE,DammamEast,09/02/2026 19:15,09/02/2026 20:30,BuraydahCentral,29,84
SHARED,MadinahCentral,10/29/2026 09:00,10/29/2026 10:15,KhobarNorth,9,28;21;92;26
SHARED,MadinahCentral,09/30/2026 12:45,09/30/2026 14:15,DammamEast,17,82;48
PRIVATE,ArarNorth,09/14/2026 11:45,09/14/2026 13:00,RiyadhWest,17,98
PRIVATE,KhobarSouth,09/23/2026 07:30,09/23/2026 09:00,RiyadhSouth,9,49
SHARED,NajranEast,10/29/2026 19:30,10/29/2026 20:45,KhobarSouth,19,14;29;39
PRIVATE,RiyadhCentral,09/15/2026 18:45,09/15/2026 20:15,BuraydahCentral,7,22
SHARED,YanbuIndustrial,10/01/2026 13:15,10/01/2026 14:00,TaifHighlands,12,82;53;60;38
PRIVATE,HailCentral,09/23/2026 13:30,09/23/2026 14:45,JeddahCorniche,23,49
PRIVATE,JazanCoast,10/01/2026 06:30,10/01/2026 07:15,DammamCentral,12,32
SHARED,DhahranPark,09/28/2026 08:30,09/28/2026 09:45,AbhaCenter,5,50;8;11
PRIVATE,JeddahNorth,10/04/2026 17:00,10/04/2026 17:45,RiyadhEast,22,2
PRIVATE,RiyadhOlaya,10/09/2026 09:15,10/09/2026 10:15,BuraydahCentral,28,30
PRIVATE,TabukNorth,09/14/2026 18:15,09/14/2026 19:00,DhahranPark,20,89
SHARED,DhahranPark,10/21/2026 15:15,10/21/2026 16:45,MakkahAziziyah,16,28;68;11;95
PRIVATE,DhahranPark,10/06/2026 09:30,10/06/2026 10:00,RiyadhCentral,14,30
PRIVATE,QassimNorth,09/04/2026 21:45,09/04/2026 23:15,MadinahEast,29,19
SHARED,MadinahEast,10/05/2026 06:15,10/05/2026 07:00,QassimNorth,27,60;90;73
